Handled by,physical_id,gender,mouseline,Genotype,birthdate,End date,Confirmation of genotype,phenotype,project_title,Experiment,comment,PFA Liver,PFA Liver tumour,PFA Small intestine,PFA SI tumour,PFA Skin,PFA Skin_Hair,PFA Others,Freeze Liver,Freeze Liver tumour,Freeze Others
Alex Ang,6670C07,Male,Lgr5/Kai/Tomato,"Lgr5 (+/+), Kai(T/+), Tomato (KI/+)",27/08/2017,03/11/2017,Yes,NA,Role of Lgr5 in liver regeneration,Lineage tracing,On Dox 1.5 months 19/9/2017 - 3/11/2017,1,,1,,,,,,,
Alex Ang,6670C08,Male,Lgr5/Kai/Tomato," Lgr5 (T/+), Kai (T/+), Tomato (KI/+)",27/08/2017,03/11/2017,,,Role of Lgr5 in liver regeneration,Lineage tracing,On Dox 1.5 months 19/9/2017 - 3/11/2017,1,,1,,,,,,,
Alex Ang,6670C10,Female,Lgr5/Kai/Tomato,"Lgr5(T/+), Kai(T/+), Tomato(KI/+)",08-27-2017,11-03-2017,,,Role of Lgr5 in liver regeneration,Lineage tracing,19 Sept'17: On DOX / 3 Nov'17: Harvested Small Intestine and Liver for PFA,1,,1,,,,,,,
Alex Ang,4520A11,Male,Lgr5/Kai/Tomato,"Lgr5(+/+), Kai(T/+), Tomato(KI/+)",02-01-2017,08-13-2018,Yes,NA,Role of Lgr5 in liver regeneration,Lineage tracing,On DOX Feed from 23rd Feb to 1st Mar Chased 1.5 year; whole liver harvested for PFA,1,,,,,,,,,
Alex Ang,4520A12,Male,Lgr5/Kai/Tomato,"Lgr5(T/+), Kai(T/+), Tomato(KI/+)",02-01-2017,08-13-2018,Yes,NA,Role of Lgr5 in liver regeneration,Lineage tracing,On DOX Feed from 23rd Feb to 1st Mar Chased 1.5 year; whole liver harvested for PFA,3,,,,,,,,,
Alex Ang,4520A13,Male,Lgr5/Kai/Tomato,"Lgr5(T/+), Kai(T/+), Tomato(KI/+)",02-01-2017,08-13-2018,Yes,NA,Role of Lgr5 in liver regeneration,Lineage tracing,On DOX Feed from 23rd Feb to 1st Mar Chased 1.5 year; whole liver harvested for PFA,3,,,,,,,,,
Alex Ang,4882C06,Male,Lgr5/Kai/Tomato,"Lgr5(T/+), Kai(+/+), Tomato(KI/+)",02-01-2017,06-11-2018,Yes,NA,Role of Lgr5 in liver regeneration,Lineage tracing,"On DOX Feed from 23rd Feb to 1st Mar Perfused liver with PBS, Harvest liver and S. I. for 3D and 2D imaging",1,,1,,,,,,,
Alex Ang,4882C07,Male,Lgr5/Kai/Tomato,"Lgr5(T/+), Kai(T/+), Tomato(KI/+)",02-01-2017,06-11-2018,Yes,NA,Role of Lgr5 in liver regeneration,Lineage tracing,"On DOX Feed from 23rd Feb to 1st Mar Perfused liver with PBS, Harvest liver and S. I. for 3D and 2D imaging",1,,1,,,,,,,
Alex Ang,4520B17,Male,Lgr5/Kai/Tomato,"Lgr5(T/+), Kai(T/+), Tomato(KI/+)",02-26-2017,01-02-2019,Yes,NA,Role of Lgr5 in liver regeneration,Lineage tracing,7 days DOX Feed: 20 Mar 2017 to 27 Mar 2017,1,,,,,,,,,
Alex Ang,4520B18,Male,Lgr5/Kai/Tomato,"Lgr5(T/+), Kai(T/+), Tomato(KI/+)",02-26-2017,01-02-2019,Yes,NA,Role of Lgr5 in liver regeneration,Lineage tracing,7 days DOX Feed: 20 Mar 2017 to 27 Mar 2017,1,,,,,,,,,
Alex Ang,4520B19,Male,Lgr5/Kai/Tomato,"Lgr5(T/+), Kai(+/+), Tomato(KI/+)",02-26-2017,01-02-2019,Yes,NA,Role of Lgr5 in liver regeneration,Lineage tracing,7 days DOX Feed: 20 Mar 2017 to 27 Mar 2017,1,,,,,,,,,
Alex Ang,4520B20,Male,Lgr5/Kai/Tomato,"Lgr5(+/+), Kai(T/+), Tomato(KI/+)",02-26-2017,01-02-2019,Yes,NA,Role of Lgr5 in liver regeneration,Lineage tracing,7 days DOX Feed: 20 Mar 2017 to 27 Mar 2017,1,,,,,,,,,
Alex Ang,4882E03,Male,Lgr5/Kai/Tomato,"Lgr5(+/+), Kai(T/+), Tomato(KI/+)",03-05-2017,05-02-2018,Yes,NA,Role of Lgr5 in liver regeneration,Lineage tracing,27 Mar - 4 Apr'17: 7 days DOX Feed,1,,,,,,,,,
Alex Ang,4882E05,Male,Lgr5/Kai/Tomato,"Lgr5(T/+), Kai(T/+), Tomato(KI/+)",03-05-2017,05-02-2018,Yes,NA,Role of Lgr5 in liver regeneration,Lineage tracing,27 Mar - 4 Apr'17: 7 days DOX Feed,1,,,,,,,,,
Alex Ang,4882E07,Male,Lgr5/Kai/Tomato,"Lgr5(T/+), Kai(T/+), Tomato(KI/+)",03-05-2017,05-02-2018,Yes,NA,Role of Lgr5 in liver regeneration,Lineage tracing,27 Mar - 4 Apr'17: 7 days DOX Feed,1,,,,,,,,,
Alex Ang,4882E09R (Ear Cut),Female,Lgr5/Kai/Tomato,"Lgr5(T/+), Kai(T/+), Tomato(KI/+)",03-05-2017,01-28-2019,Yes,NA,Role of Lgr5 in liver regeneration,Lineage tracing,7 days DOX feed: From 27 Mar to 3rd Apr Chased 2 years,1,,,,,,,,,
Alex Ang,4882E10R (Ear Cut),Female,Lgr5/Kai/Tomato,"Lgr5(T/+), Kai(T/+), Tomato(KI/+)",03-05-2017,01-28-2019,Yes,NA,Role of Lgr5 in liver regeneration,Lineage tracing,7 days DOX feed: From 27 Mar to 3rd Apr Chased 2 years,1,,,,,,,,,
Alex Ang,4520D01,Male,Lgr5/Kai/Tomato,"Lgr5(T/+), Kai(+/+), Tomato(KI/+)",03-31-2017,04-02-2018,Yes,NA,Role of Lgr5 in liver regeneration,Lineage tracing,20-27 April 2017: 7 Days on DOX Feed. / To be harvested at 1 year old / 2 Apr'18: Harvested Liver and S.I for IHC,1,,1,,,,,,,
Alex Ang,4520D03,Male,Lgr5/Kai/Tomato,"Lgr5(T/+), Kai(T/+), Tomato(KI/+)",03-31-2017,04-02-2018,Yes,NA,Role of Lgr5 in liver regeneration,Lineage tracing,20-27 April 2017: 7 Days on DOX Feed. / To be harvested at 1 year old / 2 Apr'18: Harvested Liver and S.I for IHC,1,,1,,,,,,,
Alex Ang,4520D05,Male,Lgr5/Kai/Tomato,"Lgr5(+/+), Kai(T/+), Tomato(KI/+)",03-31-2017,04-02-2018,Yes,NA,Role of Lgr5 in liver regeneration,Lineage tracing,20-27 April 2017: 7 Days on DOX Feed. / To be harvested at 1 year old / 2 Apr'18: Harvested Liver and S.I for IHC,1,,1,,,,,,,
Alex Ang,4520D12,Female,Lgr5/Kai/Tomato,"Lgr5(T/+), Kai(T/+), Tomato(KI/+)",03-31-2017,03-06-2019,Yes,NA,Role of Lgr5 in liver regeneration,Lineage tracing,20-27 April 2017: 7 Days on DOX Feed; chase 2 year,1,,,,,,,,,
Alex Ang,4520D13,Female,Lgr5/Kai/Tomato,"Lgr5(+/+), Kai(T/+), Tomato(KI/+)",03-31-2017,03-06-2019,Yes,NA,Role of Lgr5 in liver regeneration,Lineage tracing,20-27 April 2017: 7 Days on DOX Feed; chase 2 year,1,,,,,,,,,
Alex Ang,4882H05,Male,Lgr5/Kai/Tomato,"Lgr5(T/+), Kai(T/+), Tomato(KI/+)",04-23-2017,01-17-2019,Yes,NA,Role of Lgr5 in liver regeneration,Lineage tracing,16 Jun'17: Begin on DOX Feed /22 Jun'17: Stopped DOX Feed,2,,,,,,,,,
Alex Ang,6670A11,Male,Lgr5/Kai/Tomato,"Lgr5(T/+), Kai(+/+), Tomato(KI/+)",06-18-2017,08-28-2018,Yes,NA,Role of Lgr5 in liver regeneration,Lineage tracing,17 Jul'17: On DOX Water / 24 Jul'17: Stop DOX Water,1,,,,,,,,,
Alex Ang,6670A12,Male,Lgr5/Kai/Tomato,"Lgr5(T/+), Kai(T/+), Tomato(KI/+)",06-18-2017,08-28-2018,Yes,NA,Role of Lgr5 in liver regeneration,Lineage tracing,17 Jul'17: On DOX Water / 24 Jul'17: Stop DOX Water,1,,,,,,,,,
Alex Ang,6670A13,Male,Lgr5/Kai/Tomato,"Lgr5(T/+), Kai(T/+), Tomato(KI/+)",06-18-2017,08-28-2018,Yes,NA,Role of Lgr5 in liver regeneration,Lineage tracing,17 Jul'17: On DOX Water / 24 Jul'17: Stop DOX Water,1,,,,,,,,,
Alex Ang,6670B01,Male,Lgr5/Kai/Tomato,"Lgr5(T/+), Kai(+/+), Tomato(KI/+)",07-13-2017,03-14-2018,Yes,NA,Role of Lgr5 in liver regeneration,Lineage tracing,8 Aug'17: On DOX / 13 Sept'17: Changed to DOX Water as the mice were playing  and wasting DOX Feed / 14 Mar'18: Harvested Liver,1,,1,,,,,,,
Alex Ang,6670B02,Male,Lgr5/Kai/Tomato,"Lgr5(T/+), Kai(+/+), Tomato(KI/+)",07-13-2017,03-14-2018,Yes,NA,Role of Lgr5 in liver regeneration,Lineage tracing,8 Aug'17: On DOX / 13 Sept'17: Changed to DOX Water as the mice were playing  and wasting DOX Feed / 14 Mar'18: Harvested Liver,1,,1,,,,,,,
Alex Ang,6670B05,Male,Lgr5/Kai/Tomato,"Lgr5(T/+), Kai(T/+), Tomato(KI/+)",07-13-2017,03-14-2018,Yes,NA,Role of Lgr5 in liver regeneration,Lineage tracing,8 Aug'17: On DOX / 13 Sept'17: Changed to DOX Water as the mice were playing  and wasting DOX Feed / 14 Mar'18: Harvested Liver,1,,1,,,,,,,
Alex Ang,6670D01,Male,Lgr5/Kai/Tomato,"Lgr5(+/+), Kai(T/+), Tomato(KI/+)",09-22-2017,03-05-2018,Yes,NA,Role of Lgr5 in liver regeneration,Lineage tracing,To be harvested for Liver and S.I @ 6months (~180days)/ 17 Oct'17: Begin DOX Feed / 24 Oct'17: Stop DOX,1,,1,,,,,,,
Alex Ang,6670D02,Female,Lgr5/Kai/Tomato,"Lgr5(T/+), Kai(T/+), Tomato(KI/+)",09-22-2017,12-11-2017,Yes,NA,Role of Lgr5 in liver regeneration,Lineage tracing - Acute DEN,17 Oct'17: Begin DOX Feed / 24 Oct'17: Stop DOX Acute DEN induction - 72hr control / 11 Dec'17: Harvested Liver and Small Intestine,1,,1,,,,,,,
Alex Ang,6670D03,Male,Lgr5/Kai/Tomato,"Lgr5(T/+), Kai(+/+), Tomato(KI/+)",09-22-2017,03-05-2018,Yes,NA,Role of Lgr5 in liver regeneration,Lineage tracing,To be harvested for Liver and S.I @ 6months (~180days)/ 17 Oct'17: Begin DOX Feed / 24 Oct'17: Stop DOX,1,,1,,,,,,,
Alex Ang,6670D04,Female,Lgr5/Kai/Tomato,"Lgr5(T/+), Kai(T/+), Tomato(KI/+)",09-22-2017,12-27-2017,Yes,NA,Role of Lgr5 in liver regeneration,Lineage tracing - Acute DEN,17 Oct'17: Begin DOX Feed / 24 Oct'17: Stop DOX Acute DEN induction - Brad / 11 Dec'17: 100uL BrdU injection Harvested after 7 doses of BrdU.,1,,,,,,,,,
Alex Ang,6670D05,Male,Lgr5/Kai/Tomato,"Lgr5(T/+), Kai(T/+), Tomato(KI/+)",09-22-2017,03-05-2018,Yes,NA,Role of Lgr5 in liver regeneration,Lineage tracing,To be harvested for Liver and S.I @ 6months (~180days)/ 17 Oct'17: Begin DOX Feed / 24 Oct'17: Stop DOX,1,,1,,,,,,,
Alex Ang,6432A06,Female,Lgr5/Kai/Tomato,"Lgr5(T/+), Kai(T/+), Tomato(KI/+)",10-10-2017,12-11-2017,Yes,NA,Role of Lgr5 in liver regeneration,Lineage tracing,"Mum on DOX at P7 (18/10/2017), Off DOX at P12 (23/10/2017) / 11 Dec'17: Harvested Liver and Small Intestine",1,,1,,,,,,,
Alex Ang,6432A07,Female,Lgr5/Kai/Tomato,"Lgr5(T/+), Kai(T/+), Tomato(KI/+)",10-10-2017,12-11-2017,Yes,NA,Role of Lgr5 in liver regeneration,Lineage tracing,"Mum on DOX at P7 (18/10/2017), Off DOX at P12 (23/10/2017) / 11 Dec'17: Harvested Liver and Small Intestine",1,,1,,,,,,,
Alex Ang,6432A09,Female,Lgr5/Kai/Tomato,"Lgr5(+/+), Kai(T/+), Tomato(KI/+)",10-10-2017,12-11-2017,Yes,NA,Role of Lgr5 in liver regeneration,Lineage tracing,"Mum on DOX at P7 (18/10/2017), Off DOX at P12 (23/10/2017) / 11 Dec'17: Harvested Liver and Small Intestine",1,,1,,,,,,,
Alex Ang,6456A02,Male,Lgr5/Kai/Tomato,"Lgr5(T/+), Kai(T/+), Tomato(KI/+)",10-13-2017,07-18-2018,Yes,NA,Role of Lgr5 in liver regeneration,Lineage tracing - DEN tumour,"DEN injected 25/10/2017 (On DOX 20/10/2017, Off DOX 25/10/2017); liver and intestine tumours; liver and S.I. harvested for PFA",1,1,1,,,,,,,
Alex Ang,6456A04,Male,Lgr5/Kai/Tomato,"Lgr5(T/+), Kai(+/+), Tomato(KI/+)",10-13-2017,07-25-2018,Yes,NA,Role of Lgr5 in liver regeneration,Lineage tracing - DEN tumour,"DEN injected 25/10/2017 (On DOX 20/10/2017, Off DOX 25/10/2017) Liver tumour for PFA",,1,,,,,,,,
Alex Ang,6456A05,Male,Lgr5/Kai/Tomato,"Lgr5(T/+), Kai(T/+), Tomato(KI/+)",10-13-2017,07-25-2018,Yes,NA,Role of Lgr5 in liver regeneration,Lineage tracing - DEN tumour,"DEN injected 25/10/2017 (On DOX 20/10/2017, Off DOX 25/10/2017) Liver tumour for PFA",,1,,,,,,,,
Alex Ang,6917A02,Male,Lgr5/Kai/Tomato,"Lgr5(T/+), Kai(T/+), Tomato(KI/+)",11-19-2017,08-06-2018,Yes,NA,Role of Lgr5 in liver regeneration,Lineage tracing - DEN tumour,Pulsed with DOX P7-P12; Injected with DEN on P12 (1/12/17),,4,,,,,,,,
Alex Ang,6917A03,Male,Lgr5/Kai/Tomato,"Lgr5(T/+), Kai(T/+), Tomato(KI/+)",11-19-2017,08-06-2018,Yes,NA,Role of Lgr5 in liver regeneration,Lineage tracing - DEN tumour,Pulsed with DOX P7-P12; Injected with DEN on P12 (1/12/17),,5,,,,,,,,
Alex Ang,6917A06,Male,Lgr5/Kai/Tomato,"Lgr5(T/+), Kai(+/+), Tomato(KI/+)",11-19-2017,08-06-2018,Yes,NA,Role of Lgr5 in liver regeneration,Lineage tracing - DEN tumour,6917A06 Pulsed with DOX P7-P12; Injected with DEN on P12 (1/12/17),,1,,,,,,,,
Alex Ang,6432C04,Female,Lgr5/Kai/Tomato,"Lgr5(+/+), Kai(T/+), Tomato(KI/+)",12-15-2017,03-13-2019,Yes,NA,Role of Lgr5 in liver regeneration,Lineage tracing,22 Dec'17: Begin DOX Feed and Water / 27 Dec'17: Off DOX,1,,,,,,,,,
Alex Ang,6432C08,Female,Lgr5/Kai/Tomato,"Lgr5(T/+), Kai(T/+), Tomato(KI/+)",12-15-2017,07-11-2018,Yes,NA,Role of Lgr5 in liver regeneration,Lineage tracing,"22 Dec'17: Begin DOX Feed and Water / 27 Dec'17: Off DOX, 6 months after Dox",1,,,,,,,,,
Alex Ang,6432C09,Female,Lgr5/Kai/Tomato,"Lgr5(T/+), Kai(T/+), Tomato(KI/+)",12-15-2017,03-13-2019,Yes,NA,Role of Lgr5 in liver regeneration,Lineage tracing,22 Dec'17: Begin DOX Feed and Water / 27 Dec'17: Off DOX; No RFP signal,1,,,,,,,,,
Alex Ang,6432C10,Female,Lgr5/Kai/Tomato,"Lgr5(T/+), Kai(+/+), Tomato(KI/+)",12-15-2017,03-13-2019,Yes,NA,Role of Lgr5 in liver regeneration,Lineage tracing,22 Dec'17: Begin DOX Feed and Water / 27 Dec'17: Off DOX,1,,,,,,,,,
Alex Ang,6432C11,Female,Lgr5/Kai/Tomato,"Lgr5(T/+), Kai(+/+), Tomato(KI/+)",12-15-2017,08-20-2018,Yes,NA,Role of Lgr5 in liver regeneration,Lineage tracing,22 Dec'17: Begin DOX Feed and Water / 27 Dec'17: Off DOX,1,,,,,,,,,
Alex Ang,0091A05,Male,Lgr5/Kai/Tomato,"Lgr5(T/+), Kai(T/+), Tomato(KI/+)",12-18-2017,09-18-2018,Yes,NA,Role of Lgr5 in liver regeneration,Lineage tracing - TAM-induced injury,"12-26 Feb'18: On DOX / 26 Feb'18: Back to Normal Feed, 35uL (1.05 mg) TAM injection 26/2, 28/2, 2/3",1,,,,,,,,,
Alex Ang,0091A06,Male,Lgr5/Kai/Tomato,"Lgr5(T/+), Kai(T/+), Tomato(KI/+)",12-18-2017,10-09-2018,Yes,NA,Role of Lgr5 in liver regeneration,Lineage tracing - TAM-induced injury,"12-26 Feb'18: On DOX / 26 Feb'18: Back to Normal Feed, 67uL (2mg) TAM injection 26/2, 28/2, 2/3",1,,,,,,,,,
Alex Ang,0091A08,Male,Lgr5/Kai/Tomato,"Lgr5(T/+), Kai(T/+), Tomato(KI/+)",12-18-2017,10-09-2018,Yes,NA,Role of Lgr5 in liver regeneration,Lineage tracing - TAM-induced injury,"12-26 Feb'18: On DOX / 26 Feb'18: Back to Normal Feed, 100uL (3mg) TAM injection 26/2, 28/2, 2/3",1,,,,,,,,,
Alex Ang,0091A09,Male,Lgr5/Kai/Tomato,"Lgr5(T/+), Kai(T/+), Tomato(KI/+)",12-18-2017,10-09-2018,Yes,NA,Role of Lgr5 in liver regeneration,Lineage tracing - TAM-induced injury,"12-26 Feb'18: On DOX / 26 Feb'18: Back to Normal Feed, 100uL Sunflower Oil with 10%EtOH injection 26/2, 28/2, 2/3",1,,,,,,,,,
Alex Ang,0106A04,Female,Lgr5/Kai/Tomato,"Lgr5(T/+), Kai(T/+), Tomato(KI/+)",01-02-2018,08-13-2018,Yes,NA,Role of Lgr5 in liver regeneration,Lineage tracing - TAM-induced injury,"P7-P12 Pulsed with DOX; IP injected with 50ul Vehicle on 27/2, 1/3, 3/3 Harvest Liver for PFA",1,,,,,,,,,
Alex Ang,0106A05,Female,Lgr5/Kai/Tomato,"Lgr5(+/+), Kai(T/+), Tomato(KI/+)",01-02-2018,08-13-2018,Yes,NA,Role of Lgr5 in liver regeneration,Lineage tracing - TAM-induced injury,"P7-P12 Pulsed with DOX; IP injected with 50ul Vehicle on 27/2, 1/3, 3/3 Harvest Liver for PFA",1,,,,,,,,,
Alex Ang,0106A06,Female,Lgr5/Kai/Tomato,"Lgr5(+/+), Kai(T/+), Tomato(KI/+)",01-02-2018,08-13-2018,Yes,NA,Role of Lgr5 in liver regeneration,Lineage tracing - TAM-induced injury,"P7-P12 Pulsed with DOX; IP injected with 1.5mg Tamoxifen on 27/2, 1/3, 3/3 Harvest Liver for PFA",1,,,,,,,,,
Alex Ang,0106A09,Female,Lgr5/Kai/Tomato,"Lgr5(T/+), Kai(T/+), Tomato(KI/+)",01-02-2018,08-13-2018,Yes,NA,Role of Lgr5 in liver regeneration,Lineage tracing - TAM-induced injury,"P7-P12 Pulsed with DOX; IP injected with 1.5mg Tamoxifen on 27/2, 1/3, 3/3 Harvest Liver for PFA",1,,,,,,,,,
Alex Ang,0106A20,Male,Lgr5/Kai/Tomato,"Lgr5(+/+), Kai(T/+), Tomato(KI/+)",01-02-2018,09-19-2018,Yes,NA,Role of Lgr5 in liver regeneration,Lineage tracing - DEN-induced injury,"P7-P12 Pulsed with DOX; DEN injected at P12, 25mg/kg",,1,,,,,,,,
Alex Ang,0106A14,Male,Lgr5/Kai/Tomato,"Lgr5(T/+), Kai(+/+), Tomato(KI/+)",01-02-2018,09-12-2018,Yes,NA,Role of Lgr5 in liver regeneration,Lineage tracing - DEN tumour,"P7-P12 Pulsed with DOX; DEN injected at P12, 25mg/kg",,1,,,,,,,,
Alex Ang,0106A17,Male,Lgr5/Kai/Tomato,"Lgr5(T/+), Kai(T/+), Tomato(KI/+)",01-02-2018,09-12-2018,Yes,NA,Role of Lgr5 in liver regeneration,Lineage tracing - DEN tumour,"P7-P12 Pulsed with DOX; DEN injected at P12, 25mg/kg",,1,,,,,,,,
Alex Ang,0106A18,Male,Lgr5/Kai/Tomato,"Lgr5(T/+), Kai(+/+), Tomato(KI/+)",01-02-2018,09-12-2018,Yes,NA,Role of Lgr5 in liver regeneration,Lineage tracing - DEN tumour,"P7-P12 Pulsed with DOX; DEN injected at P12, 25mg/kg",,1,,,,,,,,
Alex Ang,0558A10,Male,Lgr5/Kai/Tomato,"Lgr5(T/+), Kai(T/+), Tomato(KI/+)",02-06-2018,03-14-2018,Yes,NA,Role of Lgr5 in liver regeneration,Lineage tracing - TAM-induced injury,28 Feb'18: Begin DOX 7 March'18: Dox OFF. TAM 1.0mg on 9/11/13 Mar; BrdUx1 on 14 Mar / 14 Mar'18: Harvested Liver,1,,,,,,,,,
Alex Ang,0558A11,Male,Lgr5/Kai/Tomato,"Lgr5(+/+), Kai(T/+), Tomato(KI/+)",02-06-2018,03-14-2018,Yes,NA,Role of Lgr5 in liver regeneration,Lineage tracing - TAM-induced injury,28 Feb'18: Begin DOX 7 March'18: Dox OFF. TAM 1.0mg on 9/11/13 Mar; BrdUx1 on 14 Mar / 14 Mar'18: Harvested Liver,1,,,,,,,,,
Alex Ang,0558A12,Male,Lgr5/Kai/Tomato,"Lgr5(+/+), Kai(T/+), Tomato(KI/+)",02-06-2018,03-14-2018,Yes,NA,Role of Lgr5 in liver regeneration,Lineage tracing - TAM-induced injury,28 Feb'18: Begin DOX 7 March'18: Dox OFF. TAM 1.0mg on 9/11/13 Mar; BrdUx1 on 14 Mar / 14 Mar'18: Harvested Liver,1,,,,,,,,,
Alex Ang,0758A18,Female,Lgr5/Kai/Tomato,"Lgr5(+/+), Kai(T/+), Tomato(KI/+)",02-19-2018,03-05-2018,Yes,NA,Role of Lgr5 in liver regeneration,Lineage tracing,"26 Feb'18: Begin DOX and DOX water for the mother, 40uL BrdU injection daily 26/2-3/3",1,,1,,,,,,,
Alex Ang,0758A19,Female,Lgr5/Kai/Tomato,"Lgr5(T/+), Kai(T/+), Tomato(KI/+)",02-19-2018,03-05-2018,Yes,NA,Role of Lgr5 in liver regeneration,Lineage tracing,"26 Feb'18: Begin DOX and DOX water for the mother, 40uL BrdU injection daily 26/2-3/3",1,,1,,,,,,,
Alex Ang,0758A20,Female,Lgr5/Kai/Tomato,"Lgr5(T/+), Kai(+/+), Tomato(KI/+)",02-19-2018,03-05-2018,Yes,NA,Role of Lgr5 in liver regeneration,Lineage tracing,"26 Feb'18: Begin DOX and DOX water for the mother, 40uL BrdU injection daily 26/2-3/3",1,,1,,,,,,,
Alex Ang,0968A07,Female,Lgr5/Kai/Tomato,"Lgr5(+/+), Kai(T/+), Tomato(KI/+)",02-21-2018,04-23-2019,Yes,NA,Role of Lgr5 in liver regeneration,Lineage tracing - TAM-induced injury,"Dox 16-23 Apr '18 (8wks old); TAM injection 3mg on 25, 27, 29 Apr '18",1,,,,,,,,,
Alex Ang,0968A08,Female,Lgr5/Kai/Tomato,"Lgr5(T/+), Kai(T/+), Tomato(KI/+)",02-21-2018,04-23-2019,Yes,NA,Role of Lgr5 in liver regeneration,Lineage tracing - TAM-induced injury,"Dox 16-23 Apr '18 (8wks old); TAM injection 3mg on 25, 27, 29 Apr '18",1,,,,,,,,,
Alex Ang,0991A02,Male,Lgr5/Kai/Tomato,"Lgr5(+/+), Kai(T/+), Tomato(KI/+)",03-20-2018,02-21-2019,Yes,NA,Role of Lgr5 in liver regeneration,Lineage tracing - TAM-induced injury,"27 Mar '18 Dox ON (P7); 3 Apr '18 Dox OFF (P14) TAM inj. 2mg on 20,22,24 Apr '18 Harvested for PFA; whole mount images taken",1,,,,,,,,,
Alex Ang,0991A04,Male,Lgr5/Kai/Tomato,"Lgr5(T/+), Kai(T/+), Tomato(KI/+)",03-20-2018,02-21-2019,Yes,NA,Role of Lgr5 in liver regeneration,Lineage tracing - TAM-induced injury,"27 Mar '18 Dox ON (P7); 3 Apr '18 Dox OFF (P14) TAM inj. 2mg on 20,22,24 Apr '18 Harvested for PFA; whole mount images taken",1,,,,,,,,,
Alex Ang,0991A06,Male,Lgr5/Kai/Tomato,"Lgr5(T/+), Kai(T/+), Tomato(KI/+)",03-20-2018,02-21-2019,Yes,NA,Role of Lgr5 in liver regeneration,Lineage tracing - TAM-induced injury,"27 Mar '18 Dox ON (P7); 3 Apr '18 Dox OFF (P14) TAM inj. 2mg on 20,22,24 Apr '18 Harvested for PFA; whole mount images taken",1,,,,,,,,,
Alex Ang,0991A20,Male,Lgr5/Kai/Tomato,"Lgr5(T/+), Kai(+/+), Tomato(KI/+)",03-20-2018,02-21-2019,Yes,NA,Role of Lgr5 in liver regeneration,Lineage tracing - TAM-induced injury,"27 Mar '18 Dox ON (P7); 3 Apr '18 Dox OFF (P14) TAM inj. 2mg on 20,22,24 Apr '18 Harvested for PFA; whole mount images taken",1,,,,,,,,,
Alex Ang,9925C05,Male,Lgr5/Kai/Tomato,"Lgr5(+/+), Kai(T/+), Tomato(KI/+)",03-21-2018,11-19-2018,Yes,NA,Role of Lgr5 in liver regeneration,Lineage tracing - TAM-induced injury,"Dox 11-18 Apr '18 (p21-28); TAM inj. 2mg on 20, 22, 24 Apr '18",1,,,,,,,,,
Alex Ang,9925C06,Male,Lgr5/Kai/Tomato,"Lgr5(T/+), Kai(T/+), Tomato(KI/+)",03-21-2018,11-19-2018,Yes,NA,Role of Lgr5 in liver regeneration,Lineage tracing - TAM-induced injury,"Dox 11-18 Apr '18 (p21-28); TAM inj. 2mg on 20, 22, 24 Apr '18",1,,,,,,,,,
Alex Ang,9925C07,Male,Lgr5/Kai/Tomato,"Lgr5(T/+), Kai(+/+), Tomato(KI/+)",03-21-2018,11-19-2018,Yes,NA,Role of Lgr5 in liver regeneration,Lineage tracing - TAM-induced injury,"Dox 11-18 Apr '18 (p21-28); TAM inj. 2mg on 20, 22, 24 Apr '18",1,,,,,,,,,
Alex Ang,9925C11,Male,Lgr5/Kai/Tomato,"Lgr5(T/+), Kai(T/+), Tomato(KI/+)",03-21-2018,11-19-2018,Yes,NA,Role of Lgr5 in liver regeneration,Lineage tracing - TAM-induced injury,"Dox 11-18 Apr '18 (p21-28); TAM inj. 2mg on 20, 22, 24 Apr '18",1,,,,,,,,,
Alex Ang,9925C12,Female,Lgr5/Kai/Tomato,"Lgr5(T/+), Kai(T/+), Tomato(KI/+)",03-21-2018,04-23-2019,Yes,NA,Role of Lgr5 in liver regeneration,Lineage tracing - TAM-induced injury,"Dox 11-18 Apr '18 (p21-28); TAM inj. 2mg on 20, 22, 24 Apr '18; NO RFP",1,,,,,,,,,
Alex Ang,9925C13,Female,Lgr5/Kai/Tomato,"Lgr5(T/+), Kai(+/+), Tomato(KI/+)",03-21-2018,04-23-2019,Yes,NA,Role of Lgr5 in liver regeneration,Lineage tracing - TAM-induced injury,"Dox 11-18 Apr '18 (p21-28); TAM inj. 2mg on 20, 22, 24 Apr '18",1,,,,,,,,,
Alex Ang,9925D02,Male,Lgr5/Kai/Tomato,"Lgr5(T/+), Kai(T/+), Tomato(KI/+)",04-13-2018,05-07-2018,Yes,NA,Role of Lgr5 in liver regeneration,Lineage tracing,"Dox 20-25 Apr '18 (P7-12); BrdU 50ul on 23,25,27 Apr; 80ul 30 Apr, 2,4, 7 May '18; Harvest Livers for PFA fixation",1,,,,,,,,,
Alex Ang,9925D10,Female,Lgr5/Kai/Tomato,"Lgr5(T/+), Kai(T/+), Tomato(KI/+)",04-13-2018,05-07-2018,Yes,NA,Role of Lgr5 in liver regeneration,Lineage tracing,"Dox 20-25 Apr '18 (P7-12); BrdU 50ul on 23,25,27 Apr; 80ul 30 Apr, 2,4, 7 May '18; Harvest Livers for PFA fixation",1,,,,,,,,,
Alex Ang,1767A17,Female,Lgr5/Kai/Tomato,"Lgr5(T/+), Kai(T/+), Tomato(KI/+)",05-06-2018,09-10-2018,Yes,NA,Role of Lgr5 in liver regeneration,Lineage tracing - DDC-induced injury,DDC experiment: Dox 16-23 July '18; Start DDC 30 July,1,,,,,,,,,
Alex Ang,1466C13,Male,Lgr5/Kai/Tomato,"Lgr5(T/+), Kai(T/+), Tomato(KI/+)",05-15-2018,08-06-2018,Yes,NA,Role of Lgr5 in liver regeneration,Lineage tracing - CCl4-induced injury,On Dox food and water 9-16 July '18; 23/7 CCl4 injected 1ul/gram.,1,,,,,,,,,
Alex Ang,0968D06,Male,Lgr5/Kai/Tomato,"Lgr5(T/+), Kai(T/+), Tomato(KI/+)",05-24-2018,08-06-2018,Yes,NA,Role of Lgr5 in liver regeneration,Lineage tracing - CCl4-induced injury,On Dox food and water 9-16 July '18; CCl4 injected 31/7/18,1,,,,,,,,,
Alex Ang,0968D09,Male,Lgr5/Kai/Tomato,"Lgr5(T/+), Kai(T/+), Tomato(KI/+)",05-24-2018,08-06-2018,Yes,NA,Role of Lgr5 in liver regeneration,Lineage tracing - CCl4-induced injury,On Dox food and water 9-16 July '18; CCl4 experiment,1,,,,,,,,,
Alex Ang,0968D12,Female,Lgr5/Kai/Tomato,"Lgr5(T/+), Kai(T/+), Tomato(KI/+)",05-24-2018,01-16-2019,Yes,NA,Role of Lgr5 in liver regeneration,Lineage tracing - DDC-induced injury,DDC experiment: Dox 16-23 July '18; Start DDC 30 July ; DDC OFF 11 Sept '18,1,,,,,,,,,
Alex Ang,0968E02,Female,Lgr5/Kai/Tomato,"Lgr5(T/+), Kai(+/+), Tomato(KI/+)",05-28-2018,09-10-2019,Yes,NA,Role of Lgr5 in liver regeneration,Lineage tracing - DDC-induced injury,DDC experiment: Dox 16-23 July '18; Start DDC 30 July ; DDC OFF 11 Sept '18; 12 months recovery,1,,,,,,,,,
Alex Ang,0968E13,Male,Lgr5/Kai/Tomato,"Lgr5(T/+), Kai(T/+), Tomato(KI/+)",05-28-2018,08-13-2018,Yes,NA,Role of Lgr5 in liver regeneration,Lineage tracing - CCl4-induced injury,CCl4 experiment ; Dox 16-23 July '18 Harvested Liver for PFA,1,,,,,,,,,
Alex Ang,0968E17,Male,Lgr5/Kai/Tomato,"Lgr5(T/+), Kai(T/+), Tomato(KI/+)",05-28-2018,08-13-2018,Yes,NA,Role of Lgr5 in liver regeneration,Lineage tracing - CCl4-induced injury,CCl4 experiment ; Dox 16-23 July '18; CCl4 injection 7/8/18 Harvested Liver for PFA,1,,,,,,,,,
Alex Ang,0968E20,Female,Lgr5/Kai/Tomato,"Lgr5(T/+), Kai(T/+), Tomato(KI/+)",05-28-2018,09-10-2019,Yes,NA,Role of Lgr5 in liver regeneration,Lineage tracing - DDC-induced injury,DDC experiment: Dox 16-23 July '18; Start DDC 30 July ; DDC OFF 11 Sept '18; 12 months recovery; wrong genotype,1,,,,,,,,,
Alex Ang,1793A04,Male,Lgr5/Kai/Tomato,"Lgr5(T/+), Kai(T/+), Tomato(KI/+)",05-28-2018,08-13-2018,Yes,NA,Role of Lgr5 in liver regeneration,Lineage tracing - CCl4-induced injury,CCl4 experiment ; Dox 16-23 July '18 Harvested Liver for PFA,1,,,,,,,,,
Alex Ang,1793A11,Female,Lgr5/Kai/Tomato,"Lgr5(T/+), Kai(T/+), Tomato(KI/+)",05-28-2018,12-03-2018,Yes,NA,Role of Lgr5 in liver regeneration,Lineage tracing - DDC-induced injury,DDC experiment: Dox 16-23 July '18; Start DDC 30 July ; DDC OFF 11 Sept '18,1,,,,,,,,,
Alex Ang,2883A02,Male,Lgr5/Kai/Tomato,"Lgr5(T/+), Kai(T/+), Tomato(KI/+)",06-22-2018,08-28-2018,Yes,NA,Role of Lgr5 in liver regeneration,Partial hepatectomy,Dox ON 31/7 ; Dox OFF 7/8/18 ; Hepatectomy 14/8/18,3,,,,,,,,,
Alex Ang,2883A03,Male,Lgr5/Kai/Tomato,"Lgr5(T/+), Kai(+/+), Tomato(KI/+)",06-22-2018,08-28-2018,Yes,NA,Role of Lgr5 in liver regeneration,Partial hepatectomy,Dox ON 31/7 ; Dox OFF 7/8/18 ; Hepatectomy 14/8/18,3,,,,,,,,,
Alex Ang,2883A06,Female,Lgr5/Kai/Tomato,"Lgr5(T/+), Kai(T/+), Tomato(KI/+)",06-22-2018,09-10-2018,Yes,NA,Role of Lgr5 in liver regeneration,Partial hepatectomy,; Dox OFF 17/08/18 ; Partial hepatectomy 27/8/18; not triple transgenic,2,,,,,,,,,
Alex Ang,2883A10,Female,Lgr5/Kai/Tomato,"Lgr5(T/+), Kai(T/+), Tomato(KI/+)",06-22-2018,09-10-2018,Yes,NA,Role of Lgr5 in liver regeneration,Partial hepatectomy,Dox ON 10/08/18; Dox OFF 17/08/18 ; Partial hepatectomy 27/8/18,3,,,,,,,,,
Alex Ang,2883A11,Female,Lgr5/Kai/Tomato,"Lgr5(T/+), Kai(T/+), Tomato(KI/+)",06-22-2018,09-10-2018,Yes,NA,Role of Lgr5 in liver regeneration,Partial hepatectomy,; Dox OFF 17/08/18 ; Partial hepatectomy 27/8/18,2,,,,,,,,,
Alex Ang,1793B02,Female,Lgr5/Kai/Tomato,"Lgr5(T/+), Kai(T/+), Tomato(KI/+)",06-23-2018,10-08-2018,Yes,NA,Role of Lgr5 in liver regeneration,Lineage tracing - Postnatal liver expansion,; Dox OFF 17/08/18; Postnatal liver expansion P4,3,,,,,,,,,
Alex Ang,1793B12,Male,Lgr5/Kai/Tomato,"Lgr5(T/+), Kai(T/+), Tomato(KI/+)",06-23-2018,08-28-2018,Yes,NA,Role of Lgr5 in liver regeneration,Partial hepatectomy,Dox ON 31/7 ; Dox OFF 7/8/18 ; Hepatectomy 14/8/18,3,,,,,,,,,
Alex Ang,2255A06,Female,Lgr5/Kai/Tomato,"Lgr5(T/+), Kai(T/+), Tomato(KI/KI)",06-26-2018,10-08-2018,Yes,NA,Role of Lgr5 in liver regeneration,Lineage tracing - Postnatal liver expansion,; Dox OFF 17/08/18; Postnatal liver expansion P3,1,,,,,,,,,
Alex Ang,1794A02,Female,Lgr5/Kai/Tomato,"Lgr5(T/+), Kai(T/+), Tomato(KI/+)",07-09-2018,04-23-2019,Yes,NA,Role of Lgr5 in liver regeneration,Lineage tracing - TAM-induced injury,"Dox On 17/9/18; Dox OFF 24/9/18; Vehicle injection 1/10, 3/10, 5/10/18",1,,,,,,,,,
Alex Ang,1794A11,Male,Lgr5/Kai/Tomato,"Lgr5(+/+), Kai(+/+), Tomato(KI/+)",07-09-2018,08-08-2018,Yes,NA,Role of Lgr5 in liver regeneration,BrdU control,Dox ON 17/9/18; Dox OFF 24/9/18 ; BrdU in drinking water 1mg/ml 1/10-3/10/18,1,,,,,,,,,
Alex Ang,1794A12,Male,Lgr5/Kai/Tomato,"Lgr5(+/+), Kai(T/+), Tomato(KI/+)",07-09-2018,10-15-2018,Yes,NA,Role of Lgr5 in liver regeneration,BrdU control,Dox ON 17/9/18; Dox OFF 24/9/18 ; BrdU in drinking water 1mg/ml 1/10-3/10/18,1,,,,,,,,,
Alex Ang,1794A13,Male,Lgr5/Kai/Tomato,"Lgr5(T/+), Kai(+/+), Tomato(KI/+)",07-09-2018,10-15-2018,Yes,NA,Role of Lgr5 in liver regeneration,BrdU control,Dox ON 17/9/18; Dox OFF 24/9/18 ; BrdU in drinking water 1mg/ml 1/10-3/10/18,1,,,,,,,,,
Alex Ang,1794A18,Male,Lgr5/Kai/Tomato,"Lgr5(T/+), Kai(T/+), Tomato(KI/+)",07-09-2018,10-15-2018,Yes,NA,Role of Lgr5 in liver regeneration,Partial hepatectomy,Dox ON 17/9/18; Dox OFF 24/9/18; 2/3 hepatectomy 1/10/18; BrdU in drinking water 1mg/ml 1/10-3/10/18,1,,,,,,,,,
Alex Ang,2255C01,Female,Lgr5/Kai/Tomato,"Lgr5(T/+), Kai(T/+), Tomato(KI/KI)",07-19-2018,11-25-2019,Yes,NA,Role of Lgr5 in liver regeneration,Lineage tracing - DDC-induced injury,"Dox ON 10/9/18; Dox OFF 17/9/18; DDC Start 21/9; DDC Stop 23/11/18; mouse developed lymphoma, metastatic tumours appeared on liver",1,,,,,,,,,
Alex Ang,2255C14,Male,Lgr5/Kai/Tomato,"Lgr5(T/+), Kai(T/+), Tomato(KI/+)",07-19-2018,06-18-2019,Yes,NA,Role of Lgr5 in liver regeneration,Lineage tracing - DEN tumour,DEN experiment: Injected with DEN 31/7/18 Dox On 9 Aug 18 ; Dox OFF 15/8/18,1,,,,,,,,,
Alex Ang,2255C18,Male,Lgr5/Kai/Tomato,"Lgr5(T/+), Kai(T/+), Tomato(KI/KI)",07-19-2018,06-18-2019,Yes,NA,Role of Lgr5 in liver regeneration,Lineage tracing - DEN tumour,DEN experiment: Injected with DEN 31/7/18 Dox On 9 Aug 18 ; Dox OFF 15/8/18,1,,,,,,,,,
Alex Ang,2255C19,Male,Lgr5/Kai/Tomato,"Lgr5(+/+), Kai(T/+), Tomato(KI/KI)",07-19-2018,06-18-2019,Yes,NA,Role of Lgr5 in liver regeneration,Lineage tracing - DEN tumour,DEN experiment: Injected with DEN 31/7/18 Dox On 9 Aug 18 ; Dox OFF 15/8/18,1,,,,,,,,,
Alex Ang,2255C20,Female,Lgr5/Kai/Tomato,"Lgr5(T/+), Kai(T/+), Tomato(KI/+)",07-19-2018,04-23-2019,Yes,NA,Role of Lgr5 in liver regeneration,Lineage tracing - TAM-induced injury,"Dox On 17/9/18; Dox OFF 24/9/18 ; 3mg TAM injection 1/10, 3/10, 5/10/18",1,,,,,,,,,
Alex Ang,2883B05,Female,Lgr5/Kai/Tomato,"Lgr5(T/+), Kai(T/+), Tomato(KI/+)",07-29-2018,11-25-2019,Yes,NA,Role of Lgr5 in liver regeneration,Lineage tracing - DDC-induced injury,Dox ON 10/9/18;Dox OFF 17/9/18; DDC Start 21/9; DDC Stop 23/11/18,,,,,,,,,,
Alex Ang,2883B06,Female,Lgr5/Kai/Tomato,"Lgr5(T/+), Kai(T/+), Tomato(KI/+)",07-29-2018,05-21-2019,Yes,NA,Role of Lgr5 in liver regeneration,Lineage tracing - DDC-induced injury,Dox ON 10/9/18;Dox OFF 17/9/18; DDC Start 21/9; DDC Stop 23/11/18; 6 months recovery,1,,,,,,,,,
Alex Ang,2883B11,Female,Lgr5/Kai/Tomato,"Lgr5(T/+), Kai(T/+), Tomato(KI/+)",07-29-2018,05-21-2019,Wrong genotype,NA,Role of Lgr5 in liver regeneration,Lineage tracing - DDC-induced injury,Dox ON 10/9/18;Dox OFF 17/9/18; DDC Start 21/9; DDC Stop 23/11/18; 6 months recovery; no RFP,1,,,,,,,,,
Alex Ang,1794B03,Female,Lgr5/Kai/Tomato,"Lgr5(T/+), Kai(T/+), Tomato(KI/+)",08-01-2018,08-13-2018,Yes,NA,Role of Lgr5 in liver regeneration,Lineage tracing,P12 Dox control; Harvest liver for PFA,1,,,,,,,,,
Alex Ang,1794B17,Male,Lgr5/Kai/Tomato,"Lgr5(T/+), Kai(T/+), Tomato(KI/+)",08-01-2018,08-16-2018,Yes,NA,Role of Lgr5 in liver regeneration,Lineage tracing - DEN-induced injury,Mum on Dox P7-P12; DEN injection 80ul 13/8/18 Harvested liver for PFA at P15,1,,,,,,,,,
Alex Ang,1767B01,Male,Lgr5/Kai/Tomato,"Lgr5(T/+), Kai(T/+), Tomato(KI/+)",08-20-2018,09-10-2018,Yes,NA,Role of Lgr5 in liver regeneration,Lineage tracing - DEN-induced injury,"Reserve/ 31 Aug'18: Dox ON; 1 Sept '18 DOX Off (P12), DEN injection at 25ug/g BW",1,,,,,,,,,
Alex Ang,1767B05,Female,Lgr5/Kai/Tomato,"Lgr5(T/+), Kai(T/+), Tomato(KI/+)",08-20-2018,03-06-2019,Yes,NA,Role of Lgr5 in liver regeneration,Lineage tracing,No Dox Control,1,,,,,,,,,
Alex Ang,2883C07,Male,Lgr5/Kai/Tomato,"Lgr5(T/+), Kai(T/+), Tomato(KI/+)",08-24-2018,09-14-2018,Yes,NA,Role of Lgr5 in liver regeneration,Lineage tracing - DEN-induced injury,Dox ON 31/8; Dox OFF 5/9; DEN injection 5/9,1,,,,,,,,,
Alex Ang,2883C10,Female,Lgr5/Kai/Tomato,"Lgr5(T/+), Kai(T/+), Tomato(KI/+)",08-24-2018,11-05-2018,Yes,NA,Role of Lgr5 in liver regeneration,Partial hepatectomy,"Dox On 15/10; Dox OFF 22/10; Partial hepatectomy 24/10, BrdU water;",1,,,,,,,,,
Alex Ang,1793C01,Male,Lgr5/Kai/Tomato,"Lgr5(T/+), Kai(T/+), Tomato(KI/+)",08-25-2018,09-08-2018,Yes,NA,Role of Lgr5 in liver regeneration,BrdU control,Dox ON 31/8; Dox OFF 5/9,1,,,,,,,,,
Alex Ang,1793C04,Female,Lgr5/Kai/Tomato,"Lgr5(T/+), Kai(T/+), Tomato(KI/+)",08-25-2018,11-05-2018,Yes,NA,Role of Lgr5 in liver regeneration,BrdU control,Dox On 15/10; Dox OFF 22/10; 24/10 BrdU water,1,,,,,,,,,
Alex Ang,1793C17,Male,Lgr5/Kai/Tomato,"Lgr5(T/+), Kai(T/+), Tomato(KI/+)",08-25-2018,09-08-2018,Yes,NA,Role of Lgr5 in liver regeneration,Lineage tracing - DEN-induced injury,Dox ON 31/8; Dox OFF 5/9; DEN injection 5/9,1,,,,,,,,,
Alex Ang,2901A03,Male,Lgr5/Kai/Tomato,"Lgr5(T/+), Kai(T/+), Tomato(KI/+)",08-27-2018,07-10-2019,Yes,NA,Role of Lgr5 in liver regeneration,Lineage tracing - DEN tumour,8 Sept '18 DEN injection at P12; Dox ON 17/9/18; Dox OFF 24/9/18,,1,,,,,,,,
Alex Ang,2901A06,Male,Lgr5/Kai/Tomato,"Lgr5(+/+), Kai(T/+), Tomato(KI/+)",08-27-2018,07-10-2019,Yes,NA,Role of Lgr5 in liver regeneration,Lineage tracing - DEN tumour,8 Sept '18 DEN injection at P12;Dox ON 17/9/18; Dox OFF 24/9/18,,1,,,,,,,,
Alex Ang,3469A09,Male,Lgr5/Kai/Tomato,"Lgr5(T/+), Kai(T/+), Tomato(KI/+)",08-30-2018,07-10-2019,Yes,NA,Role of Lgr5 in liver regeneration,Lineage tracing - DEN tumour,11 Sept '18 DEN injection at P12; Dox ON 20/9/18; Dox OFF 21/9/18,,1,,,,,,,,
Alex Ang,3469A10,Male,Lgr5/Kai/Tomato,"Lgr5(T/+), Kai(+/+), Tomato(KI/+)",08-30-2018,07-10-2019,Yes,NA,Role of Lgr5 in liver regeneration,Lineage tracing - DEN tumour,11 Sept '18 DEN injection at P12; Dox ON 20/9/18; Dox OFF 21/9/18,,1,,,,,,,,
Alex Ang,4038A09,Female,Lgr5/Kai/Tomato,"Lgr5(T/+), Kai(T/+), Tomato(KI/+)",09-18-2018,10-17-2018,Yes,NA,Role of Lgr5 in liver regeneration,Lineage tracing,Dox ON 10/10/18; Dox OFF 17/10/18,1,,,,,,,,,
Alex Ang,2734A02,Female,Lgr5/Kai/Tomato,"Lgr5(T/+), Kai(T/+), Tomato(KI/+)",09-19-2018,10-17-2018,Wrong genotype,,Role of Lgr5 in liver regeneration,Lineage tracing,Dox ON 10/10/18; Dox OFF 17/10/18,1,,,,,,,,,
Alex Ang,2734A17,Male,Lgr5/Kai/Tomato,"Lgr5(T/+), Kai(T/+), Tomato(KI/+)",09-19-2018,01-14-2019,Correct ge notype but no RFP,,Role of Lgr5 in liver regeneration,partial hepatectomy,Dox ON 5/11/18; Dox OFF 12/11/18; 8/1/19 PH,1,,,,,,,,,
Alex Ang,2734A19,Female,Lgr5/Kai/Tomato,"Lgr5(T/+), Kai(T/+), Tomato(KI/+)",09-19-2018,10-17-2018,Correct ge notype but no RFP,,Role of Lgr5 in liver regeneration,Lineage tracing,Dox ON 10/10/18; Dox OFF 17/10/18,1,,,,,,,,,
Alex Ang,3469B11,Male,Lgr5/Kai/Tomato,"Lgr5(T/+), Kai(T/+), Tomato(KI/+)",09-23-2018,10-29-2018,Yes,NA,Role of Lgr5 in liver regeneration,Lineage tracing,Dox ON 22/10; Dox OFF 29/10 RFP+,1,,,,,,,,,
Alex Ang,4033A17,Male,Lgr5/Kai/Tomato,"Lgr5(T/+), Kai(T/+), Tomato(KI/+)",09-29-2018,10-29-2018,Yes,NA,Role of Lgr5 in liver regeneration,Lineage tracing,Dox ON 22/10; Dox OFF 29/10 RFP+,1,,,,,,,,,
Alex Ang,1793E01,Male,Lgr5/Kai/Tomato,"Lgr5(T/+), Kai(T/+), Tomato(KI/+)",10-04-2018,10-19-2018,Yes,NA,Role of Lgr5 in liver regeneration,Lineage tracing - DEN-induced injury,Dox ON P7 11/10; Dox OFF 16/10; DEN injection 16/10 P12; harvest at 72h,1,,,,,,,,,
Alex Ang,1793E05,Female,Lgr5/Kai/Tomato,"Lgr5(T/+), Kai(T/+), Tomato(KI/+)",10-04-2018,10-19-2018,Yes,NA,Role of Lgr5 in liver regeneration,Lineage tracing,Dox ON P7 11/10; Dox OFF 16/10; Ctrl for Dox P7-P12; harvest at P15,1,,,,,,,,,
Alex Ang,4033B02,Male,Lgr5/Kai/Tomato,"Lgr5(T/+), Kai(T/+), Tomato(KI/+)",10-26-2018,01-21-2019,Yes,NA,Role of Lgr5 in liver regeneration,Partial hepatectomy,"19 Dec'18: Begin DOX; 20 Dec'18 Stop DOX; 15 Jan'19 Partial Hepatecomy, BrdU water 1mg/ml for 48 hours.",2,,,,,,,,,
Alex Ang,4033B05,Male,Lgr5/Kai/Tomato,"Lgr5(T/+), Kai(T/+), Tomato(KI/+)",10-26-2018,01-14-2019,Yes,NA,Role of Lgr5 in liver regeneration,Partial hepatectomy,Reserved / 19 Dec'18: Begin DOX; 26 Dec'18 Stop DOX; 8/1/19 PH,2,,,,,,,,,
Alex Ang,4033B06,Female,Lgr5/Kai/Tomato,"Lgr5(T/+), Kai(T/+), Tomato(KI/+)",10-26-2018,03-06-2019,Yes,NA,Role of Lgr5 in liver regeneration,Lineage tracing,No Dox Control,1,,,,,,,,,
Alex Ang,4405A17,Female,Lgr5/Kai/Tomato,"Lgr5(T/+), Kai(T/+), Tomato(KI/+)",11-10-2018,03-06-2019,Yes,NA,Role of Lgr5 in liver regeneration,Partial hepatectomy,"Dox Food and water 20/1 - 31/1/19; PH 1/3/19, BrdU in drinking water 1mg/ml for 5 days, harvest immediately",2,,,,,,,,,
Alex Ang,4405A19,Female,Lgr5/Kai/Tomato,"Lgr5(T/+), Kai(T/+), Tomato(KI/+)",11-10-2018,03-06-2019,Yes,NA,Role of Lgr5 in liver regeneration,Partial hepatectomy,"Dox Food and water 20/1 - 31/1/19; PH 1/3/19, BrdU in drinking water 1mg/ml for 5 days, harvest immediately",2,,,,,,,,,
Alex Ang,4033C10,Female,Lgr5/Kai/Tomato,"Lgr5(T/+), Kai(T/+), Tomato(KI/+)",11-16-2018,03-06-2019,Yes,NA,Role of Lgr5 in liver regeneration,Partial hepatectomy,"Dox Food and water 20/1 - 31/1/19; PH 1/3/19, BrdU in drinking water 1mg/ml for 5 days, harvest immediately",2,,,,,,,,,
Alex Ang,4248A02,Male,Lgr5/Kai/Tomato,"Lgr5(T/+), Kai(T/+), Tomato(KI/+)",11-18-2018,03-13-2019,Yes,NA,Role of Lgr5 in liver regeneration,Lineage tracing - DDC-induced injury,"DDC Exp: Dox ON 18/1/19; Dox OFF 25/1/19; DDC ON 31/1/19; DDC OFF 13/3/19, Harvest immediately",1,,,,,,,,,
Alex Ang,4248A06,Male,Lgr5/Kai/Tomato,"Lgr5(T/+), Kai(T/+), Tomato(KI/+)",11-18-2018,03-13-2019,Yes,NA,Role of Lgr5 in liver regeneration,Lineage tracing - DDC-induced injury,"DDC Exp: Dox ON 18/1/19; Dox OFF 25/1/19; DDC ON 31/1/19; DDC OFF 13/3/19, Harvest immediately; low labelling efficiency",1,,,,,,,,,
Alex Ang,4405B04,Male,Lgr5/Kai/Tomato,"Lgr5(T/+), Kai(T/+), Tomato(KI/+)",12-03-2018,03-13-2019,Yes,NA,Role of Lgr5 in liver regeneration,Lineage tracing - DDC-induced injury,"DDC Exp: Dox ON 18/1/19; Dox OFF 25/1/19; DDC ON 31/1/19; DDC OFF 13/3/19, Harvest immediately",1,,,,,,,,,
Alex Ang,4405B06,Male,Lgr5/Kai/Tomato,"Lgr5(T/+), Kai(T/+), Tomato(KI/+)",12-03-2018,06-12-2019,Yes,NA,Role of Lgr5 in liver regeneration,Lineage tracing - DDC-induced injury,DDC Exp: Dox ON 18/1/19; Dox OFF 25/1/19; DDC ON 31/1/19; DDC OFF 14/3/19; harvest for 3 months recovery,1,,,,,,,,,
Alex Ang,4405B07,Male,Lgr5/Kai/Tomato,"Lgr5(T/+), Kai(T/+), Tomato(KI/+)",12-03-2018,09-10-2019,Yes,NA,Role of Lgr5 in liver regeneration,Lineage tracing - DDC-induced injury,DDC Exp: Dox ON 18/1/19; Dox OFF 25/1/19; DDC ON 31/1/19; 6 months recovery,1,,,,,,,,,
Alex Ang,4405B08,Male,Lgr5/Kai/Tomato,"Lgr5(T/+), Kai(T/+), Tomato(KI/+)",12-03-2018,09-10-2019,Yes,NA,Role of Lgr5 in liver regeneration,Lineage tracing - DDC-induced injury,DDC Exp: Dox ON 18/1/19; Dox OFF 25/1/19; DDC ON 31/1/19; 6 months recovery,1,,,,,,,,,
Alex Ang,3469D10,Female,Lgr5/Kai/Tomato,"Lgr5(T/+), Kai(T/+), Tomato(KI/+)",12-08-2018,09-10-2019,Yes,NA,Role of Lgr5 in liver regeneration,Lineage tracing - DDC-induced injury,Dox Food 24/1 - 31/119; DDC Start 11/2/19; DDC STOP 25/3/19; 6 months recovery,1,,,,,,,,,
Alex Ang,4248B19,Male,Lgr5/Kai/Tomato,"Lgr5(T/+), Kai(T/+), Tomato(KI/+)",12-13-2018,11-19-2019,Yes,NA,Role of Lgr5 in liver regeneration,Lineage tracing - DDC-induced injury,Dox Food 24/1 - 31/119;DDC Start 11/2/19 ; DDC Stop 25/3/19; harvested earlier due to lesion on backside,1,,,,,,,,,
Alex Ang,5743A01,Male,Lgr5/Kai/Tomato,"Lgr5(T/+), Kai(T/+), Tomato(KI/+)",02-06-2019,04-23-2019,Yes,NA,Role of Lgr5 in liver regeneration,Lineage tracing - DDC-induced injury,Dox Food and water 1/3/19 - 7/3/19; DDC Feed 9 Apr - 23 Apr 2019,1,,,,,,,,,
Alex Ang,5743A05,Female,Lgr5/Kai/Tomato,"Lgr5(T/+), Kai(T/+), Tomato(KI/+)",02-06-2019,06-18-2019,Yes,NA,Role of Lgr5 in liver regeneration,Lineage tracing - DDC-induced injury,No Dox Ctrl - 3 May '19 Start DDC; 13 Jun '19 Stop DDC,1,,,,,,,,,
Alex Ang,5743A18,Male,Lgr5/Kai/Tomato,"Lgr5(T/+), Kai(T/+), Tomato(KI/+)",02-06-2019,04-23-2019,Yes,NA,Role of Lgr5 in liver regeneration,Lineage tracing - DDC-induced injury,Dox Food and water 1/3/19 - 7/3/19; DDC Feed 9 Apr - 23 Apr 2019,1,,,,,,,,,
Alex Ang,6322A01,Male,Lgr5/Kai/Tomato,"Lgr5(T/+), Kai(T/+), Tomato(KI/+)",02-18-2019,06-12-2019,Yes,NA,Role of Lgr5 in liver regeneration,Lineage tracing - DDC-induced injury,DDC Start 26 Apr '19; DDC Stop 7 June '19; Dox 3-10 June '19; low labelling efficiency,1,,,,,,,,,
Alex Ang,6322A02,Male,Lgr5/Kai/Tomato,"Lgr5(T/+), Kai(T/+), Tomato(KI/+)",02-18-2019,06-12-2019,Yes,NA,Role of Lgr5 in liver regeneration,Lineage tracing - DDC-induced injury,DDC Start 26 Apr '19; DDC Stop 7 June '19; Dox 3-10 June '19;,1,,,,,,,,,
Alex Ang,6322A19,Male,Lgr5/Kai/Tomato,"Lgr5(T/+), Kai(T/+), Tomato(KI/+)",02-18-2019,12-03-2019,Yes,NA,Role of Lgr5 in liver regeneration,Lineage tracing - DDC-induced injury,DDC Start 26 Apr '19; DDC Stop 7 June '19; Dox 3-10 June '19;,1,,,,,,,,,
Alex Ang,4405E17,Female,Lgr5/Kai/Tomato,"Lgr5(T/+), Kai(T/+), Tomato(KI/+)",03-05-2019,06-18-2019,Yes,NA,Role of Lgr5 in liver regeneration,Lineage tracing - DDC-induced injury,No Dox Ctrl - 3 May '19 Start DDC; 13 Jun '19 Stop DDC,1,,,,,,,,,
Alex Ang,6367A03,Female,Lgr5/Kai/Tomato,"Lgr5(T/+), Kai(T/+), Tomato(KI/+)",03-07-2019,06-18-2019,Yes,NA,Role of Lgr5 in liver regeneration,Lineage tracing - DDC-induced injury,No Dox Ctrl - 3 May '19 Start DDC; 13 Jun '19 Stop DDC,1,,,,,,,,,
Alex Ang,6322B06,Male,Lgr5/Kai/Tomato,"Lgr5(T/+), Kai(T/+), Tomato(KI/+)",03-13-2019,12-03-2019,Yes,NA,Role of Lgr5 in liver regeneration,Lineage tracing - DDC-induced injury,DDC Start 26 Apr '19; DDC Stop 7 June '19; Dox 3-10 June '19;,1,,,,,,,,,
Alex Ang,6322B07,Male,Lgr5/Kai/Tomato,"Lgr5(T/+), Kai(T/+), Tomato(KI/+)",03-13-2019,03-10-2020,Yes,NA,Role of Lgr5 in liver regeneration,Lineage tracing - DDC-induced injury,DDC Start 26 Apr '19; DDC Stop 7 June '19; Dox 3-10 June '19; 9 months recovery,1,,,,,,,,,
Alex Ang,6322B09,Male,Lgr5/Kai/Tomato,"Lgr5(T/+), Kai(T/+), Tomato(KI/+)",03-13-2019,03-10-2020,Yes,NA,Role of Lgr5 in liver regeneration,Lineage tracing - DDC-induced injury,DDC Start 26 Apr '19; DDC Stop 7 June '19; Dox 3-10 June '19; 9 months recovery,1,,,,,,,,,
Alex Ang,5743B01,Female,Lgr5/Kai/Tomato,"Lgr5(+/+), Kai(T/+), Tomato(KI/+)",03-27-2019,08-06-2019,Yes,NA,Role of Lgr5 in liver regeneration,Lineage tracing - CDE-induced injury,Dox ON 23/5/19 - 30/5/19; CDE start 19/6/19 - 31/7/19; Harvest immediately after CDE,1,,,,,,,,,
Alex Ang,5743B02,Female,Lgr5/Kai/Tomato,"Lgr5(T/+), Kai(T/+), Tomato(KI/+)",03-27-2019,10-01-2019,Yes,NA,Role of Lgr5 in liver regeneration,Lineage tracing - CDE-induced injury,Dox ON 23/5/19 - 30/5/19; CDE start 19/6/19 -31/7/19,1,,,,,,,,,
Alex Ang,5743B03,Female,Lgr5/Kai/Tomato,"Lgr5(+/+), Kai(T/+), Tomato(KI/+)",03-27-2019,10-01-2019,Yes,NA,Role of Lgr5 in liver regeneration,Lineage tracing - CDE-induced injury,Dox ON 23/5/19 - 30/5/19; CDE start 19/6/19 -31/7/19,1,,,,,,,,,
Alex Ang,5743B04,Female,Lgr5/Kai/Tomato,"Lgr5(T/+), Kai(T/+), Tomato(KI/+)",03-27-2019,10-01-2019,Yes,NA,Role of Lgr5 in liver regeneration,Lineage tracing - CDE-induced injury,Dox ON 23/5/19 - 30/5/19; CDE start 19/6/19 -31/7/19,1,,,,,,,,,
Alex Ang,5743B12,Male,Lgr5/Kai/Tomato,"Lgr5(+/+), Kai(T/+), Tomato(KI/+)",03-27-2019,08-06-2019,Yes,NA,Role of Lgr5 in liver regeneration,Lineage tracing - CDE-induced injury,Dox ON 23/5/19 - 30/5/19; CDE start 19/6/19 -31/7/19; Harvest immediately after CDE,1,,,,,,,,,
Alex Ang,5743B19,Male,Lgr5/Kai/Tomato,"Lgr5(T/+), Kai(T/+), Tomato(KI/+)",03-27-2019,08-06-2019,Yes,NA,Role of Lgr5 in liver regeneration,Lineage tracing - CDE-induced injury,Dox ON 23/5/19 - 30/5/19; CDE start 19/6/19 -31/7/19; Harvest immediately after CDE,1,,,,,,,,,
Alex Ang,6843A08,Male,Lgr5/Kai/Tomato,"Lgr5(T/+), Kai(T/+), Tomato(KI/+)",03-27-2019,02-12-2020,Yes,NA,Role of Lgr5 in liver regeneration,Lineage tracing - CDE-induced injury,Dox ON 23/5/19 - 30/5/19; CDE start 19/6/19 -31/7/19,1,,,,,,,,,
Alex Ang,6322C08,Male,Lgr5/Kai/Tomato,"Lgr5(T/+), Kai(T/+), Tomato(KI/+)",03-30-2019,02-12-2020,Yes,NA,Role of Lgr5 in liver regeneration,Lineage tracing - CDE-induced injury,Dox ON 23/5/19 - 30/5/19; CDE start 19/6/19 -31/7/19,1,,,,,,,,,
Alex Ang,6843B02,Male,Lgr5/Kai/Tomato,"Lgr5(T/+), Kai(T/+), Tomato(KI/+)",04-07-2019,02-12-2020,Yes,NA,Role of Lgr5 in liver regeneration,Lineage tracing - CDE-induced injury,Dox ON 23/5/19 - 30/5/19; CDE start 19/6/19 -31/7/19,1,,,,,,,,,
Alex Ang,6843C12,Male,Lgr5/Kai/Tomato,"Lgr5(T/+), Kai(T/+), Tomato(KI/+)",04-21-2019,02-25-2020,Yes,NA,Role of Lgr5 in liver regeneration,Lineage tracing - CDE-induced injury,CDE start 19/6/19 -31/7/19; Dox 31/7/19 - 7/8/19,1,,,,,,,,,
Alex Ang,6843C13,Male,Lgr5/Kai/Tomato,"Lgr5(+/+), Kai(T/+), Tomato(KI/+)",04-21-2019,02-25-2020,Yes,NA,Role of Lgr5 in liver regeneration,Lineage tracing - CDE-induced injury,CDE start 19/6/19 -31/7/19; Dox 31/7/19 - 7/8/19,1,,,,,,,,,
Alex Ang,6843C14,Male,Lgr5/Kai/Tomato,"Lgr5(T/+), Kai(T/+), Tomato(KI/+)",04-21-2019,02-25-2020,Yes,NA,Role of Lgr5 in liver regeneration,Lineage tracing - CDE-induced injury,CDE start 19/6/19 -31/7/19; Dox 31/7/19 - 7/8/19,1,,,,,,,,,
Alex Ang,6843C19,Male,Lgr5/Kai/Tomato,"Lgr5(+/+), Kai(T/+), Tomato(KI/+)",04-21-2019,02-25-2020,Yes,NA,Role of Lgr5 in liver regeneration,Lineage tracing - CDE-induced injury,CDE start 19/6/19 -31/7/19; Dox 31/7/19 - 7/8/19,1,,,,,,,,,
Alex Ang,5743D10,Female,Lgr5/Kai/Tomato,"Lgr5(T/+), Kai(T/+), Tomato(KI/+)",05-11-2019,12-18-2019,Yes,NA,Role of Lgr5 in liver regeneration,Lineage tracing - DDC-induced injury,DDC + Dox Start 22 Aug '19;,1,,,,,,,,,
Alex Ang,6757C05,Female,Lgr5/Kai/Tomato,"Lgr5(T/+), Kai(T/+), Tomato(KI/+)",05-28-2019,01-20-2020,Yes,NA,Role of Lgr5 in liver regeneration,Lineage tracing - DDC-induced injury,DDC + Dox Start 22 Aug '19;,1,,,,,,,,,
Alex Ang,6757C06,Female,Lgr5/Kai/Tomato,"Lgr5(T/+), Kai(T/+), Tomato(KI/+)",05-28-2019,01-20-2020,Yes,NA,Role of Lgr5 in liver regeneration,Lineage tracing - DDC-induced injury,DDC + Dox Start 22 Aug '19;,1,,,,,,,,,
Alex Ang,6757C07,Female,Lgr5/Kai/Tomato,"Lgr5(+/+), Kai(T/+), Tomato(KI/+)",05-28-2019,01-20-2020,Yes,NA,Role of Lgr5 in liver regeneration,Lineage tracing - DDC-induced injury,DDC + Dox Start 22 Aug '19;,1,,,,,,,,,
Alex Ang,5743E11,Male,Lgr5/Kai/Tomato,"Lgr5(T/+), Kai(T/+), Tomato(KI/+)",06-20-2019,04-06-2020,Yes,NA,Role of Lgr5 in liver regeneration,Lineage tracing - DDC + DEN tumour,"P5 Dox ON 25/6/19; P12 Dox OFF 2/7/19, DEN injection 25ug/g; 31 Jul '19 DDC Start; 11 Sep '19 DDC Stop; Tumour harvested",,1,,,,,,,,
Alex Ang,5743E12,Male,Lgr5/Kai/Tomato,"Lgr5(+/+), Kai(T/+), Tomato(KI/+)",06-20-2019,04-06-2020,Yes,NA,Role of Lgr5 in liver regeneration,Lineage tracing - DDC + DEN tumour,"P5 Dox ON 25/6/19; P12 Dox OFF 2/7/19, DEN injection 25ug/g; 31 Jul '19 DDC Start; 11 Sep '19 DDC Stop; Tumour harvested",,1,,,,,,,,
Alex Ang,5743E13,Male,Lgr5/Kai/Tomato,"Lgr5(T/+), Kai(T/+), Tomato(KI/+)",06-20-2019,04-06-2020,Yes,NA,Role of Lgr5 in liver regeneration,Lineage tracing - DDC + DEN tumour,"P5 Dox ON 25/6/19; P12 Dox OFF 2/7/19, DEN injection 25ug/g; 31 Jul '19 DDC Start; 11 Sep '19 DDC Stop; Tumour harvested",,1,,,,,,,,
Alex Ang,5743E14,Male,Lgr5/Kai/Tomato,"Lgr5(T/+), Kai(T/+), Tomato(KI/+)",06-20-2019,04-06-2020, Wrong genotype,NA,Role of Lgr5 in liver regeneration,Lineage tracing - DDC + DEN tumour,"P5 Dox ON 25/6/19; P12 Dox OFF 2/7/19, DEN injection 25ug/g; 31 Jul '19 DDC Start; 11 Sep '19 DDC Stop; WRONG GENOTYPE, tumour harvested as control",,1,,,,,,,,
Alex Ang,7979A09,Male,Lgr5/Kai/Tomato,"Lgr5(T/+), Kai(T/+), Tomato(KI/+)",07-01-2019,03-10-2020,Yes,NA,Role of Lgr5 in liver regeneration,Lineage tracing - DDC-induced injury,Dox ON 14 Aug '19; Dox OFF 21 Aug '19; DDC Start 28 Aug '19; DDC Stop 27 Dec '19; 3 months recovery,1,,,,,,,,,
Alex Ang,6757D07,Female,Lgr5/Kai/Tomato,"Lgr5(T/+), Kai(T/+), Tomato(KI/+)",07-07-2019,01-20-2020,Yes,NA,Role of Lgr5 in liver regeneration,Lineage tracing - DDC-induced injury,DDC + Dox Start 22 Aug '19;,1,,,,,,,,,
Alex Ang,6757E07,Female,Lgr5/Kai/Tomato,"Lgr5(T/+), Kai(T/+), Tomato(KI/+)",07-29-2019,01-20-2020,Yes,NA,Role of Lgr5 in liver regeneration,Lineage tracing - DDC-induced injury,DDC + Dox Start 22 Aug '19;,1,,,,,,,,,
Alex Ang,6322B07,Male,Lgr5/Kai/Tomato,"Lgr5(T/+), Kai(T/+), Tomato(KI/+)",03-13-2019,03-10-2020,Yes,NA,Role of Lgr5 in liver regeneration,Lineage tracing - DDC-induced injury,DDC Start 26 Apr '19; DDC Stop 7 June '19; Dox 3-10 June '19; 9 months recovery,1,,,,,,,,,
Alex Ang,6322C10,Female,Lgr5/Kai/Tomato,"Lgr5(T/+), Kai(T/+), Tomato(KI/+)",03-30-2019,07-31-2019,Yes,NA,Role of Lgr5 in liver regeneration,Lineage tracing - CDE-induced injury,CDE start 19/6/19 - 31/7/19; No Dox control,1,,,,,,,,,
Alex Ang,6367B13,Male,Lgr5/Kai/Tomato,"Lgr5(T/+), Kai(T/+), Tomato(KI/+)",04-07-2019,07-31-2019,Yes,NA,Role of Lgr5 in liver regeneration,Lineage tracing - CDE-induced injury,CDE start 19/6/19 - 31/7/19; No Dox Control,1,,,,,,,,,
Alex Ang,2873F11,Female,Kai/Tomato,"Kai(T/+), Tomato(KI/KI)",12-17-2018,04-03-2019,Yes,NA,Role of Lgr5 in liver regeneration,Lineage tracing control - DDC-induced injury,DDC Start 31/1/19; DDC Stop 14/3/19,1,,,,,,,,,
Alex Ang,2873F12,Female,Kai/Tomato,"Kai(T/+), Tomato(KI/KI)",12-17-2018,04-03-2019,Yes,NA,Role of Lgr5 in liver regeneration,Lineage tracing control - DDC-induced injury,DDC Start 31/1/19; DDC Stop 14/3/19,1,,,,,,,,,
Alex Ang,1466B07,Female,Lgr5/Kai/Tomato,"Lgr5(T/+), Kai(T/+), Tomato(KI/+)",04-22-2018,08-28-2018,Yes,NA,Role of Lgr5 in liver regeneration,Lineage tracing ,No Dox Control,1,,,,,,,,,
